{
    "train_loss": [
        164.38042291666667,
        121.46315081380209,
        114.44272841796875,
        111.41232044270834,
        109.78492143554688,
        108.66977392578124,
        107.73689936523438,
        107.12349983723958,
        106.64045166015624,
        106.18670734049479,
        105.77827138671876,
        105.50174275716145,
        105.21223819986979,
        104.96722013346354,
        104.73479934895833,
        104.53610520833334,
        104.38830512695313,
        104.22385016276041,
        104.09366263020833,
        103.88823343098959
    ],
    "val_loss": [
        127.11123569335938,
        115.55551926269531,
        111.67494666748047,
        109.66471901855469,
        108.33888760986328,
        107.42078985595703,
        107.15422432861328,
        106.26578592529297,
        105.7510439453125,
        105.44209782714844,
        105.35107333984375,
        104.99237236328125,
        104.81718850097656,
        104.54795982666016,
        104.51931978759765,
        104.48655268554687,
        104.03282785644531,
        104.0682185913086,
        103.834238671875,
        103.62960236816406
    ]
}